<?xml version="1.0" encoding="UTF-8"?>
<project-private xmlns="http://www.netbeans.org/ns/project-private/1">
    <editor-bookmarks xmlns="http://www.netbeans.org/ns/editor-bookmarks/2" lastBookmarkId="0"/>
    <open-files xmlns="http://www.netbeans.org/ns/projectui-open-files/2">
        <group>
            <file>file:/D:/SEMESTER%204/Pemrograman%20Berorientasi%20Obyek/TUGAS%20BESAR/terbaru%20tubes/TugasBesar/TugasBesar5/TugasBesar/src/View/membershipView.java</file>
            <file>file:/D:/SEMESTER%204/Pemrograman%20Berorientasi%20Obyek/TUGAS%20BESAR/terbaru%20tubes/TugasBesar/TugasBesar5/TugasBesar/src/table/TablePayments.java</file>
            <file>file:/D:/SEMESTER%204/Pemrograman%20Berorientasi%20Obyek/TUGAS%20BESAR/terbaru%20tubes/TugasBesar/TugasBesar5/TugasBesar/src/View/homeView.java</file>
            <file>file:/D:/SEMESTER%204/Pemrograman%20Berorientasi%20Obyek/TUGAS%20BESAR/terbaru%20tubes/TugasBesar/TugasBesar5/TugasBesar/src/View/paymentView.java</file>
            <file>file:/D:/SEMESTER%204/Pemrograman%20Berorientasi%20Obyek/TUGAS%20BESAR/terbaru%20tubes/TugasBesar/TugasBesar5/TugasBesar/src/dao/PaymentsDAO.java</file>
            <file>file:/D:/SEMESTER%204/Pemrograman%20Berorientasi%20Obyek/TUGAS%20BESAR/terbaru%20tubes/TugasBesar/TugasBesar5/TugasBesar/src/View/customerView.java</file>
            <file>file:/D:/SEMESTER%204/Pemrograman%20Berorientasi%20Obyek/TUGAS%20BESAR/terbaru%20tubes/TugasBesar/TugasBesar5/TugasBesar/src/dao/MembershipDAO.java</file>
            <file>file:/D:/SEMESTER%204/Pemrograman%20Berorientasi%20Obyek/TUGAS%20BESAR/terbaru%20tubes/TugasBesar/TugasBesar5/TugasBesar/src/table/TableMembership.java</file>
            <file>file:/D:/SEMESTER%204/Pemrograman%20Berorientasi%20Obyek/TUGAS%20BESAR/terbaru%20tubes/TugasBesar/TugasBesar5/TugasBesar/src/View/employeeView.java</file>
        </group>
    </open-files>
</project-private>
